name,type,training,n_samples,clf_flip_rate,human_flip_rate,accuracy,precision,recall,f1,mcc,kappa,TP,TN,FP,FN,model
RoBERTa-Twitter-Irony,RoBERTa,Twitter,140,0.24285714285714285,0.5428571428571428,0.44285714285714284,0.47058823529411764,0.21052631578947367,0.2909090909090909,-0.08216167193588479,-0.06724003127443301,16,46,18,60,T5-Joint
DistilBERT-Reddit,DistilBERT,Reddit,140,0.8357142857142857,0.5428571428571428,0.5071428571428571,0.5299145299145299,0.8157894736842105,0.6424870466321243,-0.05859792383202473,-0.045907319185794604,62,9,55,14,T5-Joint
BERT-Sarcasm-News,RoBERTa,News,140,0.30714285714285716,0.5428571428571428,0.5928571428571429,0.7209302325581395,0.40789473684210525,0.5210084033613445,0.23800052074931438,0.2117740023706045,31,52,12,45,T5-Joint
RoBERTa-Twitter-Irony,RoBERTa,Twitter,140,0.21428571428571427,0.5428571428571428,0.4,0.36666666666666664,0.14473684210526316,0.2075471698113208,-0.18470470851088908,-0.14396887159533067,11,45,19,65,T5-Control
DistilBERT-Reddit,DistilBERT,Reddit,140,0.8357142857142857,0.5428571428571428,0.5642857142857143,0.5641025641025641,0.868421052631579,0.6839378238341969,0.09618904478087077,0.07535729753139897,66,13,51,10,T5-Control
BERT-Sarcasm-News,RoBERTa,News,140,0.3142857142857143,0.5428571428571428,0.5142857142857142,0.5909090909090909,0.34210526315789475,0.43333333333333335,0.06530297595256715,0.05854430379746833,26,46,18,50,T5-Control
RoBERTa-Twitter-Irony,RoBERTa,Twitter,140,0.18571428571428572,0.5285714285714286,0.38571428571428573,0.2692307692307692,0.0945945945945946,0.14,-0.2481104560491227,-0.18597320724980282,7,47,19,67,BART-RL
DistilBERT-Reddit,DistilBERT,Reddit,140,0.9142857142857143,0.5285714285714286,0.5714285714285714,0.5546875,0.9594594594594594,0.7029702970297029,0.17086866157549052,0.10025706940874035,71,9,57,3,BART-RL
BERT-Sarcasm-News,RoBERTa,News,140,0.37857142857142856,0.5285714285714286,0.55,0.6037735849056604,0.43243243243243246,0.5039370078740159,0.11758415707566516,0.1123188405797102,32,45,21,42,BART-RL
